filename;file_size;file_attributes;region_count;region_id;region_shape_attributes;region_attributes
D20201113T153715_200.png;2030669;{};1;1;{"name": "roi", "left_rois": [[643, 480, 74, 55], [260, 195, 75, 55], [515, 346, 61, 45], [581, 214, 57, 34], [844, 295, 49, 35], [367, 162, 54, 33], [629, 397, 62, 43], [773, 431, 48, 40], [845, 202, 52, 41]], "right_rois": [[575, 480, 74, 55], [215, 195, 75, 55], [458, 346, 61, 45], [548, 214, 57, 34], [809, 295, 49, 35], [347, 162, 54, 33], [555, 397, 62, 43], [728, 431, 48, 40], [817, 202, 52, 41]]};{"region": "body"}
D20201113T153715_246.png;1952153;{};1;1;{"name": "roi", "left_rois": [[247, 226, 90, 57], [575, 217, 61, 42], [759, 487, 77, 68], [599, 348, 64, 42], [868, 272, 64, 41], [393, 347, 70, 43], [357, 160, 59, 37], [845, 205, 52, 40]], "right_rois": [[190, 226, 90, 57], [539, 217, 61, 42], [643, 487, 77, 68], [561, 348, 64, 42], [832, 272, 64, 41], [343, 347, 70, 43], [330, 160, 59, 37], [821, 205, 52, 40]]};{"region": "body"}
D20201113T153715_292.png;1937405;{};1;1;{"name": "roi", "left_rois": [[276, 283, 89, 65], [583, 221, 57, 43], [615, 364, 72, 43], [761, 424, 63, 47], [351, 153, 68, 37], [895, 241, 69, 42], [373, 361, 66, 44], [390, 422, 54, 37], [1114, 272, 70, 38]], "right_rois": [[202, 283, 89, 65], [547, 221, 57, 43], [574, 364, 72, 43], [717, 424, 63, 47], [323, 153, 68, 37], [861, 241, 69, 42], [322, 361, 66, 44], [357, 422, 54, 37], [1076, 272, 70, 38]]};{"region": "body"}
D20201113T153715_338.png;1944768;{};1;1;{"name": "roi", "left_rois": [[680, 434, 63, 46], [344, 334, 77, 55], [356, 151, 63, 40], [583, 226, 52, 34], [901, 231, 67, 47], [656, 361, 63, 38], [496, 514, 63, 44], [1133, 262, 58, 41]], "right_rois": [[617, 434, 63, 46], [271, 334, 77, 55], [329, 151, 63, 40], [548, 226, 52, 34], [862, 231, 67, 47], [612, 361, 63, 38], [442, 514, 63, 44], [1099, 262, 58, 41]]};{"region": "body"}
D20201113T153715_384.png;2018332;{};1;1;{"name": "roi", "left_rois": [[373, 337, 88, 55], [665, 426, 79, 48], [672, 348, 72, 43], [912, 224, 61, 46], [355, 139, 58, 39], [463, 509, 66, 48], [319, 549, 70, 48]], "right_rois": [[293, 337, 88, 55], [605, 426, 79, 48], [630, 348, 72, 43], [877, 224, 61, 46], [330, 139, 58, 39], [401, 509, 66, 48], [267, 549, 70, 48]]};{"region": "body"}
D20201113T153715_430.png;1963938;{};1;1;{"name": "roi", "left_rois": [[409, 350, 80, 61], [695, 352, 64, 45], [928, 215, 63, 50], [357, 136, 58, 36], [680, 433, 73, 56], [494, 508, 78, 44], [325, 545, 75, 43], [372, 292, 55, 43]], "right_rois": [[336, 350, 80, 61], [651, 352, 64, 45], [886, 215, 63, 50], [331, 136, 58, 36], [615, 433, 73, 56], [437, 508, 78, 44], [270, 545, 75, 43], [325, 292, 55, 43]]};{"region": "body"}
D20201113T153715_476.png;2005913;{};1;1;{"name": "roi", "left_rois": [[348, 143, 63, 36], [935, 212, 64, 44], [349, 285, 64, 37], [379, 356, 74, 56], [688, 436, 79, 48], [711, 380, 64, 44], [535, 270, 61, 39], [1111, 270, 69, 38], [545, 531, 75, 39], [292, 558, 61, 42], [1171, 357, 72, 40]], "right_rois": [[317, 143, 63, 36], [898, 212, 64, 44], [306, 285, 64, 37], [307, 356, 74, 56], [620, 436, 79, 48], [666, 380, 64, 44], [500, 270, 61, 39], [1071, 270, 69, 38], [485, 531, 75, 39], [243, 558, 61, 42], [1134, 357, 72, 40]]};{"region": "body"}
D20201113T153715_522.png;2011671;{};1;1;{"name": "roi", "left_rois": [[711, 424, 89, 54], [937, 215, 66, 46], [343, 148, 64, 42], [328, 274, 65, 49], [319, 364, 94, 67], [672, 505, 71, 48], [212, 543, 69, 47], [509, 294, 68, 43], [1170, 378, 67, 36]], "right_rois": [[639, 424, 89, 54], [898, 215, 66, 46], [317, 148, 64, 42], [286, 274, 65, 49], [246, 364, 94, 67], [607, 505, 71, 48], [164, 543, 69, 47], [472, 294, 68, 43], [1135, 378, 67, 36]]};{"region": "body"}
D20201113T153715_568.png;2024175;{};1;1;{"name": "roi", "left_rois": [[711, 406, 82, 54], [305, 362, 99, 64], [304, 287, 67, 46], [520, 321, 55, 41], [324, 148, 61, 38], [949, 212, 64, 43], [949, 283, 56, 44], [724, 490, 71, 45], [184, 541, 56, 40]], "right_rois": [[637, 406, 82, 54], [223, 362, 99, 64], [261, 287, 67, 46], [478, 321, 55, 41], [301, 148, 61, 38], [914, 212, 64, 43], [917, 283, 56, 44], [670, 490, 71, 45], [143, 541, 56, 40]]};{"region": "body"}
D20201113T153715_614.png;2020877;{};1;1;{"name": "roi", "left_rois": [[348, 356, 111, 73], [713, 422, 82, 50], [719, 480, 66, 44], [933, 283, 56, 36], [917, 205, 72, 45], [313, 152, 56, 34], [492, 331, 61, 37], [1146, 281, 66, 37], [1160, 403, 67, 36], [110, 527, 77, 41]], "right_rois": [[222, 356, 111, 73], [640, 422, 82, 50], [665, 480, 66, 44], [900, 283, 56, 36], [885, 205, 72, 45], [289, 152, 56, 34], [454, 331, 61, 37], [1114, 281, 66, 37], [1124, 403, 67, 36], [59, 527, 77, 41]]};{"region": "body"}
D20201113T153715_660.png;1844503;{};1;1;{"name": "roi", "left_rois": [[556, 431, 97, 76], [703, 434, 70, 54], [923, 221, 61, 43], [311, 150, 66, 39], [908, 298, 60, 39], [1101, 329, 64, 35]], "right_rois": [[370, 431, 97, 76], [629, 434, 70, 54], [891, 221, 61, 43], [287, 150, 66, 39], [878, 298, 60, 39], [1063, 329, 64, 35]]};{"region": "body"}
D20201113T153715_706.png;2009978;{};1;1;{"name": "roi", "left_rois": [[703, 366, 150, 104], [920, 228, 71, 45], [324, 153, 63, 38], [1107, 321, 58, 43]], "right_rois": [[480, 366, 150, 104], [888, 228, 71, 45], [296, 153, 63, 38], [1072, 321, 58, 43]]};{"region": "body"}
D20201113T153715_752.png;1968987;{};1;1;{"name": "roi", "left_rois": [[811, 332, 122, 96], [908, 211, 68, 53], [336, 160, 68, 43], [665, 451, 76, 54], [1175, 363, 67, 41]], "right_rois": [[627, 332, 122, 96], [876, 211, 68, 53], [311, 160, 68, 43], [593, 451, 76, 54], [1133, 363, 67, 41]]};{"region": "body"}
D20201113T153715_798.png;2002381;{};1;1;{"name": "roi", "left_rois": [[787, 313, 122, 104], [915, 212, 65, 44], [349, 170, 72, 43], [660, 454, 80, 52], [393, 402, 55, 38], [1189, 357, 63, 41], [1108, 300, 57, 39]], "right_rois": [[613, 313, 122, 104], [885, 212, 65, 44], [320, 170, 72, 43], [586, 454, 80, 52], [345, 402, 55, 38], [1148, 357, 63, 41], [1076, 300, 57, 39]]};{"region": "body"}
D20201113T153715_844.png;1973662;{};1;1;{"name": "roi", "left_rois": [[831, 356, 113, 90], [945, 229, 64, 44], [388, 222, 53, 37], [1177, 358, 75, 40]], "right_rois": [[663, 356, 113, 90], [913, 229, 64, 44], [361, 222, 53, 37], [1137, 358, 75, 40]]};{"region": "body"}
D20201113T153715_890.png;2030601;{};1;1;{"name": "roi", "left_rois": [[916, 350, 109, 77], [948, 233, 73, 43], [273, 366, 71, 39], [1076, 284, 60, 38], [1180, 360, 79, 37], [789, 176, 66, 36]], "right_rois": [[794, 350, 109, 77], [913, 233, 73, 43], [237, 366, 71, 39], [1042, 284, 60, 38], [1142, 360, 79, 37], [760, 176, 66, 36]]};{"region": "body"}
D20201113T153715_936.png;1953829;{};1;1;{"name": "roi", "left_rois": [[1007, 312, 82, 70], [979, 236, 68, 44], [752, 181, 68, 40], [556, 459, 75, 51], [1188, 371, 65, 46]], "right_rois": [[927, 312, 82, 70], [949, 236, 68, 44], [719, 181, 68, 40], [485, 459, 75, 51], [1147, 371, 65, 46]]};{"region": "body"}
D20201113T153715_982.png;1971529;{};1;1;{"name": "roi", "left_rois": [[540, 293, 69, 50], [1060, 319, 88, 63], [1005, 226, 75, 46], [739, 188, 68, 43], [525, 475, 78, 44], [216, 363, 73, 38]], "right_rois": [[484, 293, 69, 50], [1002, 319, 88, 63], [968, 226, 75, 46], [708, 188, 68, 43], [457, 475, 78, 44], [183, 363, 73, 38]]};{"region": "body"}
D20201113T153715_1028.png;1973714;{};1;1;{"name": "roi", "left_rois": [[548, 282, 65, 47], [1092, 363, 87, 65], [527, 463, 73, 51], [768, 373, 55, 45], [211, 369, 70, 45], [755, 199, 61, 41], [1035, 227, 78, 43], [465, 224, 64, 33], [1128, 291, 64, 37], [303, 361, 56, 30]], "right_rois": [[499, 282, 65, 47], [1025, 363, 87, 65], [462, 463, 73, 51], [728, 373, 55, 45], [179, 369, 70, 45], [722, 199, 61, 41], [1003, 227, 78, 43], [425, 224, 64, 33], [1092, 291, 64, 37], [271, 361, 56, 30]]};{"region": "body"}
D20201113T153715_1074.png;2042500;{};1;1;{"name": "roi", "left_rois": [[537, 282, 64, 46], [768, 205, 60, 38], [1084, 217, 71, 43], [1028, 439, 68, 51], [519, 453, 68, 40], [591, 477, 60, 41], [483, 213, 57, 39], [211, 359, 61, 30], [324, 367, 57, 34], [404, 364, 65, 33]], "right_rois": [[485, 282, 64, 46], [737, 205, 60, 38], [1053, 217, 71, 43], [929, 439, 68, 51], [463, 453, 68, 40], [539, 477, 60, 41], [448, 213, 57, 39], [180, 359, 61, 30], [290, 367, 57, 34], [371, 364, 65, 33]]};{"region": "body"}
D20201113T153715_1120.png;2046372;{};1;1;{"name": "roi", "left_rois": [[520, 287, 69, 51], [504, 215, 56, 40], [775, 211, 58, 37], [958, 443, 71, 61], [496, 429, 69, 49], [593, 487, 50, 38], [827, 377, 58, 42], [189, 364, 74, 38], [1100, 214, 80, 39], [1199, 354, 66, 40]], "right_rois": [[475, 287, 69, 51], [466, 215, 56, 40], [744, 211, 58, 37], [833, 443, 71, 61], [437, 429, 69, 49], [542, 487, 50, 38], [783, 377, 58, 42], [154, 364, 74, 38], [1083, 214, 80, 39], [1161, 354, 66, 40]]};{"region": "body"}
D20201113T153715_1166.png;2034933;{};1;1;{"name": "roi", "left_rois": [[517, 294, 67, 48], [515, 212, 66, 50], [789, 208, 52, 36], [1107, 205, 76, 36], [1004, 425, 103, 76], [491, 401, 69, 47], [581, 482, 60, 41], [184, 366, 68, 45]], "right_rois": [[469, 294, 67, 48], [474, 212, 66, 50], [760, 208, 52, 36], [1071, 205, 76, 36], [837, 425, 103, 76], [437, 401, 69, 47], [534, 482, 60, 41], [149, 366, 68, 45]]};{"region": "body"}
D20201113T153715_1212.png;1971333;{};1;1;{"name": "roi", "left_rois": [[481, 393, 71, 53], [533, 294, 70, 54], [571, 464, 68, 42], [543, 220, 64, 43], [764, 198, 71, 38], [1117, 210, 70, 37], [852, 398, 107, 69], [1200, 353, 73, 39]], "right_rois": [[423, 393, 71, 53], [482, 294, 70, 54], [520, 464, 68, 42], [503, 220, 64, 43], [734, 198, 71, 38], [1086, 210, 70, 37], [636, 398, 107, 69], [1163, 353, 73, 39]]};{"region": "body"}
D20201113T153715_1258.png;1962351;{};1;1;{"name": "roi", "left_rois": [[553, 301, 68, 44], [545, 230, 68, 38], [777, 186, 51, 37], [1113, 219, 72, 45], [785, 390, 122, 86], [284, 173, 67, 40], [156, 369, 72, 41], [43, 138, 53, 34], [1195, 345, 73, 36]], "right_rois": [[501, 301, 68, 44], [505, 230, 68, 38], [745, 186, 51, 37], [1081, 219, 72, 45], [481, 390, 122, 86], [258, 173, 67, 40], [128, 369, 72, 41], [38, 138, 53, 34], [1151, 345, 73, 36]]};{"region": "body"}
D20201113T153715_1304.png;1962471;{};1;1;{"name": "roi", "left_rois": [[1009, 352, 194, 138], [543, 220, 65, 42], [771, 185, 54, 42], [1127, 219, 58, 43], [275, 159, 66, 38], [43, 120, 54, 42], [64, 414, 64, 40]], "right_rois": [[668, 352, 194, 138], [506, 220, 65, 42], [743, 185, 54, 42], [1096, 219, 58, 43], [255, 159, 66, 38], [39, 120, 54, 42], [34, 414, 64, 40]]};{"region": "body"}
D20201113T153715_1350.png;1964395;{};1;1;{"name": "roi", "left_rois": [[615, 397, 70, 49], [572, 308, 59, 41], [545, 214, 68, 39], [767, 184, 57, 44], [825, 235, 72, 35], [275, 142, 62, 36], [143, 312, 62, 41], [132, 497, 61, 46], [585, 472, 66, 44], [67, 374, 68, 40], [45, 113, 50, 40], [47, 170, 41, 34]], "right_rois": [[555, 397, 70, 49], [524, 308, 59, 41], [509, 214, 68, 39], [735, 184, 57, 44], [788, 235, 72, 35], [250, 142, 62, 36], [113, 312, 62, 41], [83, 497, 61, 46], [530, 472, 66, 44], [33, 374, 68, 40], [41, 113, 50, 40], [40, 170, 41, 34]]};{"region": "body"}
D20201113T153715_1396.png;1972279;{};1;1;{"name": "roi", "left_rois": [[572, 305, 75, 48], [591, 474, 70, 39], [553, 204, 58, 36], [760, 182, 63, 44], [176, 480, 73, 46], [264, 126, 59, 35], [110, 282, 58, 39], [76, 369, 56, 36], [36, 172, 51, 27]], "right_rois": [[524, 305, 75, 48], [538, 474, 70, 39], [517, 204, 58, 36], [729, 182, 63, 44], [134, 480, 73, 46], [244, 126, 59, 35], [84, 282, 58, 39], [38, 369, 56, 36], [31, 172, 51, 27]]};{"region": "body"}
D20201113T153715_1442.png;2036699;{};1;1;{"name": "roi", "left_rois": [[595, 291, 69, 52], [656, 409, 73, 50], [548, 188, 68, 38], [772, 192, 55, 38], [251, 108, 62, 39], [289, 334, 59, 37], [64, 366, 60, 35], [77, 269, 56, 37]], "right_rois": [[546, 291, 69, 52], [586, 409, 73, 50], [510, 188, 68, 38], [741, 192, 55, 38], [235, 108, 62, 39], [262, 334, 59, 37], [36, 366, 60, 35], [57, 269, 56, 37]]};{"region": "body"}
D20201113T153715_1488.png;2024551;{};1;1;{"name": "roi", "left_rois": [[623, 300, 57, 46], [647, 414, 70, 54], [556, 198, 68, 45], [225, 89, 59, 38], [755, 191, 57, 39], [827, 256, 62, 36], [265, 324, 62, 36], [76, 354, 53, 36], [217, 398, 59, 46], [745, 450, 52, 39], [1069, 279, 76, 33]], "right_rois": [[576, 300, 57, 46], [581, 414, 70, 54], [519, 198, 68, 45], [211, 89, 59, 38], [724, 191, 57, 39], [795, 256, 62, 36], [238, 324, 62, 36], [43, 354, 53, 36], [184, 398, 59, 46], [712, 450, 52, 39], [1035, 279, 76, 33]]};{"region": "body"}
D20201113T153715_1534.png;1936044;{};1;1;{"name": "roi", "left_rois": [[617, 322, 68, 40], [648, 427, 72, 46], [559, 226, 80, 43], [733, 199, 72, 36], [837, 264, 52, 32], [1049, 268, 66, 37], [92, 352, 52, 40], [249, 392, 60, 38], [360, 384, 57, 38], [1184, 367, 67, 36], [177, 84, 67, 38]], "right_rois": [[569, 322, 68, 40], [580, 427, 72, 46], [519, 226, 80, 43], [700, 199, 72, 36], [807, 264, 52, 32], [1020, 268, 66, 37], [59, 352, 52, 40], [220, 392, 60, 38], [329, 384, 57, 38], [1138, 367, 67, 36], [161, 84, 67, 38]]};{"region": "body"}
D20201113T153715_1580.png;2013458;{};1;1;{"name": "roi", "left_rois": [[567, 238, 64, 43], [752, 208, 57, 38], [617, 334, 62, 47], [649, 429, 75, 50], [616, 486, 71, 36], [145, 138, 64, 43], [832, 248, 63, 33], [1033, 262, 71, 36]], "right_rois": [[529, 238, 64, 43], [720, 208, 57, 38], [567, 334, 62, 47], [585, 429, 75, 50], [561, 486, 71, 36], [131, 138, 64, 43], [803, 248, 63, 33], [1000, 262, 71, 36]]};{"region": "body"}
D20201113T153715_1626.png;2017624;{};1;1;{"name": "roi", "left_rois": [[629, 330, 67, 48], [567, 227, 66, 41], [737, 200, 63, 39], [1009, 253, 70, 37], [656, 431, 72, 51], [627, 487, 68, 37], [67, 342, 54, 42], [855, 247, 61, 35], [131, 198, 56, 37]], "right_rois": [[579, 330, 67, 48], [528, 227, 66, 41], [707, 200, 63, 39], [973, 253, 70, 37], [588, 431, 72, 51], [576, 487, 68, 37], [38, 342, 54, 42], [828, 247, 61, 35], [113, 198, 56, 37]]};{"region": "body"}
D20201113T153715_1672.png;1933609;{};1;1;{"name": "roi", "left_rois": [[644, 436, 85, 55], [635, 321, 74, 41], [561, 214, 67, 42], [1003, 263, 62, 41], [727, 197, 57, 40], [99, 247, 58, 42], [192, 382, 60, 36], [264, 365, 45, 36], [71, 173, 56, 31]], "right_rois": [[576, 436, 85, 55], [583, 321, 74, 41], [519, 214, 67, 42], [970, 263, 62, 41], [696, 197, 57, 40], [77, 247, 58, 42], [162, 382, 60, 36], [238, 365, 45, 36], [63, 173, 56, 31]]};{"region": "body"}
D20201113T153715_1718.png;1952057;{};1;1;{"name": "roi", "left_rois": [[643, 449, 82, 52], [617, 324, 71, 44], [215, 370, 65, 36], [556, 208, 69, 41], [711, 192, 57, 39], [915, 199, 58, 34], [752, 472, 48, 41], [85, 185, 60, 37]], "right_rois": [[574, 449, 82, 52], [566, 324, 71, 44], [195, 370, 65, 36], [516, 208, 69, 41], [684, 192, 57, 39], [887, 199, 58, 34], [712, 472, 48, 41], [77, 185, 60, 37]]};{"region": "body"}
D20201113T153715_1764.png;2025458;{};1;1;{"name": "roi", "left_rois": [[540, 209, 67, 41], [700, 199, 63, 38], [905, 208, 64, 33], [660, 440, 76, 47], [609, 327, 67, 49], [157, 398, 60, 41], [1103, 358, 109, 80]], "right_rois": [[499, 209, 67, 41], [669, 199, 63, 38], [876, 208, 64, 33], [594, 440, 76, 47], [557, 327, 67, 49], [125, 398, 60, 41], [932, 358, 109, 80]]};{"region": "body"}
D20201113T153715_1810.png;1965064;{};1;1;{"name": "roi", "left_rois": [[1059, 332, 109, 75], [655, 450, 80, 51], [537, 213, 67, 39], [696, 205, 65, 39], [896, 217, 55, 33], [1001, 268, 60, 29], [191, 342, 65, 32], [85, 412, 52, 39], [197, 444, 52, 41]], "right_rois": [[953, 332, 109, 75], [584, 450, 80, 51], [495, 213, 67, 39], [667, 205, 65, 39], [864, 217, 55, 33], [969, 268, 60, 29], [171, 342, 65, 32], [47, 412, 52, 39], [162, 444, 52, 41]]};{"region": "body"}
D20201113T153715_1856.png;2016807;{};1;1;{"name": "roi", "left_rois": [[990, 318, 101, 71], [991, 267, 64, 35], [879, 222, 50, 34], [544, 227, 63, 38], [665, 453, 76, 50], [688, 200, 68, 39], [81, 410, 64, 36], [21, 321, 62, 35]], "right_rois": [[902, 318, 101, 71], [957, 267, 64, 35], [852, 222, 50, 34], [504, 227, 63, 38], [597, 453, 76, 50], [657, 200, 68, 39], [38, 410, 64, 36], [8, 321, 62, 35]]};{"region": "body"}
D20201113T153715_1902.png;1994826;{};1;1;{"name": "roi", "left_rois": [[916, 338, 71, 57], [980, 263, 68, 41], [849, 227, 63, 33], [673, 199, 63, 38], [541, 227, 72, 37], [645, 460, 80, 51], [161, 401, 68, 41]], "right_rois": [[850, 338, 71, 57], [953, 263, 68, 41], [822, 227, 63, 33], [644, 199, 63, 38], [502, 227, 72, 37], [580, 460, 80, 51], [134, 401, 68, 41]]};{"region": "body"}
D20201113T153715_1948.png;1947815;{};1;1;{"name": "roi", "left_rois": [[876, 373, 63, 50], [977, 268, 68, 48], [548, 219, 67, 41], [639, 196, 76, 44], [651, 469, 76, 52], [141, 401, 59, 46], [69, 277, 66, 40], [847, 230, 59, 30], [837, 455, 59, 37]], "right_rois": [[827, 373, 63, 50], [947, 268, 68, 48], [504, 219, 67, 41], [607, 196, 76, 44], [579, 469, 76, 52], [113, 401, 59, 46], [50, 277, 66, 40], [816, 230, 59, 30], [798, 455, 59, 37]]};{"region": "body"}
D20201113T153715_1994.png;2003235;{};1;1;{"name": "roi", "left_rois": [[647, 455, 85, 55], [879, 386, 58, 46], [791, 305, 64, 43], [975, 267, 61, 43], [837, 235, 63, 30], [631, 192, 62, 35], [537, 221, 79, 42], [167, 393, 58, 38]], "right_rois": [[573, 455, 85, 55], [837, 386, 58, 46], [743, 305, 64, 43], [944, 267, 61, 43], [809, 235, 63, 30], [599, 192, 62, 35], [494, 221, 79, 42], [145, 393, 58, 38]]};{"region": "body"}
D20201113T153715_2040.png;1846308;{};1;1;{"name": "roi", "left_rois": [[759, 300, 66, 49], [544, 233, 79, 37], [617, 197, 62, 34], [957, 253, 64, 40], [852, 389, 59, 50], [659, 448, 70, 49], [628, 512, 67, 39], [153, 392, 63, 42], [697, 236, 54, 32]], "right_rois": [[711, 300, 66, 49], [504, 233, 79, 37], [589, 197, 62, 34], [924, 253, 64, 40], [806, 389, 59, 50], [582, 448, 70, 49], [570, 512, 67, 39], [132, 392, 63, 42], [661, 236, 54, 32]]};{"region": "body"}
D20201113T153715_2086.png;2020122;{};1;1;{"name": "roi", "left_rois": [[729, 319, 59, 45], [787, 400, 56, 47], [646, 445, 76, 50], [633, 512, 68, 47], [557, 237, 70, 36], [935, 241, 73, 37], [713, 212, 56, 35], [630, 204, 53, 30], [169, 392, 51, 37], [49, 245, 68, 40]], "right_rois": [[679, 319, 59, 45], [742, 400, 56, 47], [568, 445, 76, 50], [578, 512, 68, 47], [515, 237, 70, 36], [903, 241, 73, 37], [685, 212, 56, 35], [595, 204, 53, 30], [149, 392, 51, 37], [30, 245, 68, 40]]};{"region": "body"}
D20201113T153715_2132.png;2015141;{};1;1;{"name": "roi", "left_rois": [[648, 448, 75, 50], [641, 513, 75, 47], [684, 329, 69, 47], [563, 243, 62, 38], [625, 176, 56, 32], [919, 218, 66, 43], [51, 245, 56, 36], [160, 397, 51, 34], [80, 389, 49, 35], [700, 409, 63, 35], [715, 199, 60, 33], [1192, 316, 56, 34], [31, 131, 57, 34]], "right_rois": [[572, 448, 75, 50], [583, 513, 75, 47], [636, 329, 69, 47], [524, 243, 62, 38], [589, 176, 56, 32], [888, 218, 66, 43], [37, 245, 56, 36], [142, 397, 51, 34], [61, 389, 49, 35], [648, 409, 63, 35], [682, 199, 60, 33], [1153, 316, 56, 34], [30, 131, 57, 34]]};{"region": "body"}
D20201113T153715_2178.png;2030312;{};1;1;{"name": "roi", "left_rois": [[592, 146, 60, 37], [908, 181, 63, 40], [676, 316, 65, 41], [540, 238, 68, 39], [777, 310, 59, 40], [696, 400, 72, 40], [651, 446, 77, 46], [641, 509, 66, 41], [904, 426, 71, 32], [45, 261, 55, 38], [25, 183, 48, 29]], "right_rois": [[560, 146, 60, 37], [875, 181, 63, 40], [628, 316, 65, 41], [500, 238, 68, 39], [741, 310, 59, 40], [654, 400, 72, 40], [583, 446, 77, 46], [584, 509, 66, 41], [868, 426, 71, 32], [33, 261, 55, 38], [17, 183, 48, 29]]};{"region": "body"}
D20201113T153715_2224.png;2041654;{};1;1;{"name": "roi", "left_rois": [[904, 143, 68, 45], [679, 302, 66, 45], [791, 317, 67, 43], [881, 286, 55, 36], [536, 221, 73, 39], [541, 135, 67, 38], [661, 441, 76, 50], [637, 498, 74, 36], [712, 378, 71, 46], [183, 443, 58, 35], [111, 407, 58, 28]], "right_rois": [[871, 143, 68, 45], [625, 302, 66, 45], [753, 317, 67, 43], [848, 286, 55, 36], [497, 221, 73, 39], [510, 135, 67, 38], [589, 441, 76, 50], [580, 498, 74, 36], [667, 378, 71, 46], [162, 443, 58, 35], [98, 407, 58, 28]]};{"region": "body"}
D20201113T153715_2270.png;2027889;{};1;1;{"name": "roi", "left_rois": [[900, 142, 69, 45], [668, 289, 69, 45], [809, 324, 62, 37], [659, 441, 77, 51], [691, 391, 76, 46], [101, 397, 59, 36], [213, 321, 64, 36], [545, 213, 72, 41], [508, 153, 55, 37], [33, 136, 58, 37]], "right_rois": [[865, 142, 69, 45], [617, 289, 69, 45], [768, 324, 62, 37], [588, 441, 77, 51], [646, 391, 76, 46], [85, 397, 59, 36], [192, 321, 64, 36], [502, 213, 72, 41], [478, 153, 55, 37], [26, 136, 58, 37]]};{"region": "body"}
D20201113T153715_2316.png;2052440;{};1;1;{"name": "roi", "left_rois": [[653, 283, 75, 48], [547, 192, 62, 46], [893, 142, 72, 46], [680, 387, 73, 46], [652, 446, 80, 52], [208, 310, 59, 39], [113, 391, 59, 34], [787, 286, 68, 45]], "right_rois": [[596, 283, 75, 48], [506, 192, 62, 46], [856, 142, 72, 46], [629, 387, 73, 46], [580, 446, 80, 52], [188, 310, 59, 39], [97, 391, 59, 34], [745, 286, 68, 45]]};{"region": "body"}
D20201113T153715_2362.png;1985366;{};1;1;{"name": "roi", "left_rois": [[652, 295, 75, 49], [824, 250, 61, 41], [867, 112, 61, 37], [535, 174, 62, 36], [121, 391, 70, 37], [640, 441, 69, 50], [679, 366, 80, 45], [1044, 290, 52, 43], [199, 309, 62, 38]], "right_rois": [[595, 295, 75, 49], [781, 250, 61, 41], [833, 112, 61, 37], [495, 174, 62, 36], [104, 391, 70, 37], [567, 441, 69, 50], [620, 366, 80, 45], [1010, 290, 52, 43], [179, 309, 62, 38]]};{"region": "body"}
D20201113T153715_2408.png;1976169;{};1;1;{"name": "roi", "left_rois": [[663, 305, 70, 46], [649, 437, 76, 48], [680, 372, 80, 46], [868, 121, 72, 52], [532, 198, 61, 43], [844, 229, 57, 39], [152, 392, 61, 43], [192, 310, 57, 41], [25, 125, 58, 36], [813, 464, 63, 40], [977, 316, 51, 35]], "right_rois": [[607, 305, 70, 46], [578, 437, 76, 48], [624, 372, 80, 46], [828, 121, 72, 52], [493, 198, 61, 43], [804, 229, 57, 39], [131, 392, 61, 43], [174, 310, 57, 41], [21, 125, 58, 36], [777, 464, 63, 40], [943, 316, 51, 35]]};{"region": "body"}
D20201113T153715_2454.png;1951224;{};1;1;{"name": "roi", "left_rois": [[681, 279, 74, 55], [909, 116, 67, 51], [865, 218, 60, 49], [660, 442, 77, 50], [707, 355, 69, 51], [172, 309, 75, 37], [161, 397, 68, 36], [351, 178, 58, 32], [28, 118, 55, 36], [516, 215, 68, 35]], "right_rois": [[621, 279, 74, 55], [868, 116, 67, 51], [825, 218, 60, 49], [587, 442, 77, 50], [657, 355, 69, 51], [152, 309, 75, 37], [137, 397, 68, 36], [325, 178, 58, 32], [21, 118, 55, 36], [483, 215, 68, 35]]};{"region": "body"}
D20201113T180117_200.png;1766729;{};1;1;{"name": "roi", "left_rois": [[553, 288, 70, 41], [644, 148, 81, 49], [621, 80, 68, 36], [719, 480, 74, 52], [247, 399, 69, 41], [163, 233, 69, 33], [64, 112, 63, 34], [1143, 403, 66, 51], [856, 203, 64, 37], [809, 326, 55, 34], [256, 494, 52, 37], [521, 225, 58, 32]], "right_rois": [[507, 288, 70, 41], [596, 148, 81, 49], [621, 80, 68, 36], [648, 480, 74, 52], [206, 399, 69, 41], [143, 233, 69, 33], [57, 112, 63, 34], [1103, 403, 66, 51], [831, 203, 64, 37], [776, 326, 55, 34], [222, 494, 52, 37], [492, 225, 58, 32]]};{"region": "body"}
D20201113T180117_246.png;1767784;{};1;1;{"name": "roi", "left_rois": [[551, 282, 66, 43], [668, 144, 76, 49], [723, 469, 78, 50], [791, 328, 58, 41], [243, 364, 57, 46], [153, 207, 78, 36], [517, 211, 60, 37], [1147, 423, 62, 47], [861, 198, 58, 42], [885, 374, 62, 36]], "right_rois": [[512, 282, 66, 43], [627, 144, 76, 49], [659, 469, 78, 50], [760, 328, 58, 41], [204, 364, 57, 46], [129, 207, 78, 36], [486, 211, 60, 37], [1105, 423, 62, 47], [833, 198, 58, 42], [852, 374, 62, 36]]};{"region": "body"}
D20201113T180117_292.png;1755040;{};1;1;{"name": "roi", "left_rois": [[553, 271, 70, 44], [673, 150, 78, 40], [159, 188, 68, 34], [230, 362, 57, 44], [705, 467, 76, 48], [1112, 426, 65, 45], [865, 200, 59, 41], [789, 328, 51, 35], [453, 382, 40, 30]], "right_rois": [[507, 271, 70, 44], [634, 150, 78, 40], [140, 188, 68, 34], [195, 362, 57, 44], [636, 467, 76, 48], [1071, 426, 65, 45], [835, 200, 59, 41], [756, 328, 51, 35], [423, 382, 40, 30]]};{"region": "body"}
D20201113T180117_338.png;1834160;{};1;1;{"name": "roi", "left_rois": [[568, 273, 60, 42], [684, 147, 75, 43], [691, 452, 76, 49], [1053, 420, 64, 42], [222, 362, 66, 44], [167, 494, 60, 36], [373, 372, 64, 35], [152, 171, 69, 41], [732, 530, 75, 45], [57, 109, 66, 36], [871, 212, 50, 37]], "right_rois": [[522, 273, 60, 42], [645, 147, 75, 43], [625, 452, 76, 49], [1019, 420, 64, 42], [181, 362, 66, 44], [131, 494, 60, 36], [339, 372, 64, 35], [133, 171, 69, 41], [670, 530, 75, 45], [48, 109, 66, 36], [839, 212, 50, 37]]};{"region": "body"}
D20201113T180117_384.png;1866219;{};1;1;{"name": "roi", "left_rois": [[707, 152, 77, 44], [571, 281, 66, 44], [221, 374, 58, 42], [663, 433, 84, 50], [1001, 393, 62, 46], [868, 549, 69, 54], [144, 170, 73, 41], [852, 215, 57, 39], [871, 337, 49, 33]], "right_rois": [[668, 152, 77, 44], [520, 281, 66, 44], [183, 374, 58, 42], [593, 433, 84, 50], [966, 393, 62, 46], [796, 549, 69, 54], [121, 170, 73, 41], [823, 215, 57, 39], [844, 337, 49, 33]]};{"region": "body"}
D20201113T180117_430.png;1864917;{};1;1;{"name": "roi", "left_rois": [[724, 157, 81, 49], [555, 293, 70, 42], [650, 412, 73, 45], [1027, 497, 62, 46], [973, 389, 56, 42], [159, 163, 53, 40], [57, 101, 54, 29], [813, 258, 72, 37], [547, 251, 54, 32]], "right_rois": [[678, 157, 81, 49], [510, 293, 70, 42], [582, 412, 73, 45], [971, 497, 62, 46], [937, 389, 56, 42], [141, 163, 53, 40], [51, 101, 54, 29], [787, 258, 72, 37], [516, 251, 54, 32]]};{"region": "body"}
D20201113T180117_476.png;1859912;{};1;1;{"name": "roi", "left_rois": [[639, 407, 70, 46], [1085, 522, 71, 50], [736, 161, 67, 43], [152, 163, 65, 35], [555, 291, 65, 45], [852, 257, 63, 39], [560, 244, 45, 32], [227, 407, 58, 38], [967, 356, 69, 44]], "right_rois": [[574, 407, 70, 46], [1025, 522, 71, 50], [697, 161, 67, 43], [135, 163, 65, 35], [503, 291, 65, 45], [821, 257, 63, 39], [526, 244, 45, 32], [187, 407, 58, 38], [932, 356, 69, 44]]};{"region": "body"}
D20201113T180117_522.png;1953784;{};1;1;{"name": "roi", "left_rois": [[720, 157, 71, 40], [560, 288, 59, 44], [641, 416, 64, 48], [169, 166, 58, 37], [35, 104, 68, 36], [976, 322, 67, 46], [864, 238, 59, 37]], "right_rois": [[684, 157, 71, 40], [511, 288, 59, 44], [579, 416, 64, 48], [150, 166, 58, 37], [27, 104, 68, 36], [940, 322, 67, 46], [837, 238, 59, 37]]};{"region": "body"}
D20201113T180117_568.png;1959365;{};1;1;{"name": "roi", "left_rois": [[549, 272, 67, 48], [709, 145, 64, 48], [177, 165, 60, 38], [984, 322, 61, 46], [629, 423, 72, 48], [880, 425, 61, 40], [197, 401, 66, 39], [540, 221, 52, 36]], "right_rois": [[503, 272, 67, 48], [675, 145, 64, 48], [155, 165, 60, 38], [946, 322, 61, 46], [568, 423, 72, 48], [848, 425, 61, 40], [153, 401, 66, 39], [510, 221, 52, 36]]};{"region": "body"}
D20201113T180117_614.png;1976846;{};1;1;{"name": "roi", "left_rois": [[532, 267, 69, 48], [696, 140, 57, 42], [185, 163, 62, 33], [636, 422, 73, 49], [987, 339, 60, 47], [444, 360, 55, 31], [193, 376, 60, 37], [907, 232, 44, 34], [535, 216, 53, 33]], "right_rois": [[484, 267, 69, 48], [663, 140, 57, 42], [164, 163, 62, 33], [573, 422, 73, 49], [952, 339, 60, 47], [411, 360, 55, 31], [153, 376, 60, 37], [877, 232, 44, 34], [504, 216, 53, 33]]};{"region": "body"}
D20201113T180117_660.png;1890119;{};1;1;{"name": "roi", "left_rois": [[671, 126, 68, 39], [524, 274, 67, 43], [665, 294, 60, 41], [613, 408, 70, 48], [192, 368, 57, 44], [181, 160, 66, 39], [1147, 184, 80, 69], [895, 232, 58, 40], [539, 204, 49, 40]], "right_rois": [[639, 126, 68, 39], [476, 274, 67, 43], [632, 294, 60, 41], [560, 408, 70, 48], [155, 368, 57, 44], [160, 160, 66, 39], [1071, 184, 80, 69], [858, 232, 58, 40], [509, 204, 49, 40]]};{"region": "body"}
D20201113T180117_706.png;1980494;{};1;1;{"name": "roi", "left_rois": [[667, 108, 62, 45], [180, 156, 61, 42], [520, 271, 61, 45], [675, 296, 66, 40], [605, 411, 62, 45], [188, 369, 52, 43], [271, 488, 62, 47], [891, 223, 53, 37], [543, 192, 52, 40], [1143, 125, 84, 56], [1009, 430, 78, 39]], "right_rois": [[634, 108, 62, 45], [162, 156, 61, 42], [477, 271, 61, 45], [635, 296, 66, 40], [549, 411, 62, 45], [147, 369, 52, 43], [234, 488, 62, 47], [862, 223, 53, 37], [511, 192, 52, 40], [1087, 125, 84, 56], [975, 430, 78, 39]]};{"region": "body"}
D20201113T180117_752.png;1901531;{};1;1;{"name": "roi", "left_rois": [[668, 110, 68, 47], [525, 277, 62, 37], [660, 292, 55, 40], [599, 408, 58, 48], [316, 480, 65, 37], [180, 364, 57, 36], [160, 152, 73, 39], [883, 217, 48, 32], [539, 176, 57, 38], [261, 355, 46, 32]], "right_rois": [[628, 110, 68, 47], [479, 277, 62, 37], [624, 292, 55, 40], [544, 408, 58, 48], [277, 480, 65, 37], [135, 364, 57, 36], [142, 152, 73, 39], [854, 217, 48, 32], [507, 176, 57, 38], [229, 355, 46, 32]]};{"region": "body"}
D20201113T180117_798.png;1948308;{};1;1;{"name": "roi", "left_rois": [[515, 281, 66, 42], [644, 310, 57, 33], [660, 118, 60, 44], [160, 147, 68, 37], [165, 350, 60, 42], [587, 404, 62, 51], [363, 479, 52, 38], [536, 174, 59, 42]], "right_rois": [[469, 281, 66, 42], [605, 310, 57, 33], [627, 118, 60, 44], [144, 147, 68, 37], [128, 350, 60, 42], [530, 404, 62, 51], [328, 479, 52, 38], [504, 174, 59, 42]]};{"region": "body"}
D20201113T180117_844.png;1934621;{};1;1;{"name": "roi", "left_rois": [[616, 102, 71, 41], [157, 139, 66, 37], [505, 300, 67, 44], [567, 407, 73, 52], [627, 361, 56, 40], [877, 242, 55, 39], [259, 447, 62, 40], [361, 483, 59, 35], [571, 218, 50, 40], [151, 357, 56, 36]], "right_rois": [[585, 102, 71, 41], [144, 139, 66, 37], [460, 300, 67, 44], [507, 407, 73, 52], [588, 361, 56, 40], [850, 242, 55, 39], [201, 447, 62, 40], [325, 483, 59, 35], [519, 218, 50, 40], [111, 357, 56, 36]]};{"region": "body"}
D20201113T180117_890.png;1922609;{};1;1;{"name": "roi", "left_rois": [[597, 82, 67, 41], [559, 399, 80, 46], [511, 338, 70, 36], [1087, 403, 62, 46], [392, 474, 72, 45], [156, 134, 61, 35], [199, 185, 53, 34], [887, 255, 58, 41], [645, 287, 75, 54]], "right_rois": [[565, 82, 67, 41], [497, 399, 80, 46], [470, 338, 70, 36], [1047, 403, 62, 46], [330, 474, 72, 45], [141, 134, 61, 35], [173, 185, 53, 34], [855, 255, 58, 41], [579, 287, 75, 54]]};{"region": "body"}
D20201113T180117_936.png;1926640;{};1;1;{"name": "roi", "left_rois": [[592, 69, 68, 44], [164, 142, 72, 37], [504, 172, 59, 38], [525, 308, 59, 34], [741, 389, 67, 39], [956, 344, 63, 40], [1171, 439, 61, 46], [125, 351, 59, 40], [112, 281, 52, 32]], "right_rois": [[562, 69, 68, 44], [134, 142, 72, 37], [474, 172, 59, 38], [481, 308, 59, 34], [691, 389, 67, 39], [926, 344, 63, 40], [1135, 439, 61, 46], [89, 351, 59, 40], [102, 281, 52, 32]]};{"region": "body"}
D20201113T180117_982.png;1880104;{};1;1;{"name": "roi", "left_rois": [[581, 59, 70, 42], [497, 156, 67, 32], [571, 329, 65, 43], [987, 348, 58, 41], [1159, 522, 64, 46], [103, 345, 62, 34], [244, 389, 64, 31], [171, 134, 62, 41], [343, 457, 69, 39]], "right_rois": [[550, 59, 70, 42], [468, 156, 67, 32], [511, 329, 65, 43], [951, 348, 58, 41], [1094, 522, 64, 46], [69, 345, 62, 34], [214, 389, 64, 31], [151, 134, 62, 41], [301, 457, 69, 39]]};{"region": "body"}
D20201113T180117_1028.png;1932069;{};1;1;{"name": "roi", "left_rois": [[604, 343, 77, 47], [1005, 349, 66, 46], [569, 56, 76, 38], [496, 152, 67, 39], [172, 145, 65, 44], [963, 421, 64, 47], [99, 370, 57, 37]], "right_rois": [[535, 343, 77, 47], [973, 349, 66, 46], [537, 56, 76, 38], [467, 152, 67, 39], [146, 145, 65, 44], [931, 421, 64, 47], [59, 370, 57, 37]]};{"region": "body"}
D20201113T180117_1074.png;1946682;{};1;1;{"name": "roi", "left_rois": [[633, 361, 78, 51], [615, 314, 60, 38], [560, 41, 77, 45], [168, 136, 63, 35], [503, 164, 65, 39], [1027, 350, 61, 41], [964, 441, 65, 41], [75, 366, 54, 35], [296, 409, 55, 34], [509, 429, 64, 38]], "right_rois": [[569, 361, 78, 51], [579, 314, 60, 38], [528, 41, 77, 45], [147, 136, 63, 35], [469, 164, 65, 39], [992, 350, 61, 41], [930, 441, 65, 41], [46, 366, 54, 35], [251, 409, 55, 34], [474, 429, 64, 38]]};{"region": "body"}
D20201113T180117_1120.png;1948955;{};1;1;{"name": "roi", "left_rois": [[631, 376, 77, 48], [560, 322, 71, 35], [1021, 355, 68, 44], [560, 47, 72, 42], [157, 140, 62, 32], [500, 166, 68, 35], [1027, 425, 73, 34]], "right_rois": [[568, 376, 77, 48], [518, 322, 71, 35], [985, 355, 68, 44], [526, 47, 72, 42], [141, 140, 62, 32], [471, 166, 68, 35], [993, 425, 73, 34]]};{"region": "body"}
D20201113T180117_1166.png;1941184;{};1;1;{"name": "roi", "left_rois": [[555, 48, 69, 42], [163, 160, 56, 35], [505, 168, 60, 36], [588, 315, 64, 43], [628, 394, 69, 39], [1068, 352, 63, 41]], "right_rois": [[523, 48, 69, 42], [149, 160, 56, 35], [474, 168, 60, 36], [539, 315, 64, 43], [565, 394, 69, 39], [1023, 352, 63, 41]]};{"region": "body"}
D20201113T180117_1212.png;1941359;{};1;1;{"name": "roi", "left_rois": [[556, 55, 69, 39], [157, 164, 64, 31], [503, 145, 58, 36], [619, 404, 66, 49], [591, 308, 57, 34], [1105, 350, 59, 42], [180, 440, 73, 42], [329, 246, 56, 41]], "right_rois": [[520, 55, 69, 39], [140, 164, 64, 31], [474, 145, 58, 36], [556, 404, 66, 49], [542, 308, 57, 34], [1069, 350, 59, 42], [138, 440, 73, 42], [306, 246, 56, 41]]};{"region": "body"}
D20201113T180117_1258.png;1935343;{};1;1;{"name": "roi", "left_rois": [[624, 393, 68, 48], [592, 302, 64, 41], [1125, 352, 70, 46], [565, 55, 67, 43], [157, 158, 60, 38], [56, 131, 55, 31], [139, 459, 74, 46], [865, 293, 64, 47], [491, 120, 58, 39]], "right_rois": [[567, 393, 68, 48], [547, 302, 64, 41], [1088, 352, 70, 46], [533, 55, 67, 43], [144, 158, 60, 38], [54, 131, 55, 31], [98, 459, 74, 46], [831, 293, 64, 47], [464, 120, 58, 39]]};{"region": "body"}
D20201113T180117_1304.png;1933594;{};1;1;{"name": "roi", "left_rois": [[611, 402, 76, 39], [549, 47, 83, 43], [492, 128, 71, 33], [604, 309, 68, 40], [1136, 337, 80, 38], [880, 245, 53, 33], [60, 120, 53, 37]], "right_rois": [[552, 402, 76, 39], [513, 47, 83, 43], [460, 128, 71, 33], [558, 309, 68, 40], [1099, 337, 80, 38], [850, 245, 53, 33], [55, 120, 53, 37]]};{"region": "body"}
D20201113T180117_1350.png;1862740;{};1;1;{"name": "roi", "left_rois": [[599, 307, 70, 43], [867, 245, 64, 40], [559, 51, 74, 41], [623, 404, 66, 43], [507, 139, 65, 44], [1129, 320, 74, 44]], "right_rois": [[554, 307, 70, 43], [836, 245, 64, 40], [524, 51, 74, 41], [566, 404, 66, 43], [477, 139, 65, 44], [1094, 320, 74, 44]]};{"region": "body"}
D20201113T180117_1396.png;1894799;{};1;1;{"name": "roi", "left_rois": [[599, 303, 58, 44], [612, 404, 76, 45], [1120, 312, 69, 49], [523, 144, 62, 37], [536, 42, 68, 38], [140, 168, 75, 33], [108, 122, 69, 40], [1044, 421, 76, 39], [861, 242, 60, 36], [237, 188, 60, 35]], "right_rois": [[552, 303, 58, 44], [551, 404, 76, 45], [1085, 312, 69, 49], [491, 144, 62, 37], [504, 42, 68, 38], [124, 168, 75, 33], [81, 122, 69, 40], [1003, 421, 76, 39], [835, 242, 60, 36], [214, 188, 60, 35]]};{"region": "body"}
D20201113T180117_1442.png;1934087;{};1;1;{"name": "roi", "left_rois": [[617, 400, 63, 41], [592, 310, 64, 40], [531, 155, 61, 36], [539, 45, 66, 45], [155, 508, 62, 45], [165, 199, 68, 38], [269, 143, 76, 37], [863, 237, 57, 40], [1136, 305, 72, 46], [101, 122, 60, 41], [1031, 410, 60, 41]], "right_rois": [[566, 400, 63, 41], [544, 310, 64, 40], [499, 155, 61, 36], [507, 45, 66, 45], [107, 508, 62, 45], [144, 199, 68, 38], [251, 143, 76, 37], [834, 237, 57, 40], [1094, 305, 72, 46], [72, 122, 60, 41], [998, 410, 60, 41]]};{"region": "body"}
D20201113T180117_1488.png;1943978;{};1;1;{"name": "roi", "left_rois": [[505, 194, 58, 41], [529, 54, 70, 37], [188, 221, 68, 40], [596, 310, 69, 37], [1131, 318, 69, 45], [601, 393, 80, 45], [289, 506, 78, 46], [444, 461, 63, 35], [108, 109, 73, 42], [373, 132, 56, 32], [869, 233, 56, 41], [1025, 423, 63, 42]], "right_rois": [[476, 194, 58, 41], [499, 54, 70, 37], [165, 221, 68, 40], [551, 310, 69, 37], [1099, 318, 69, 45], [547, 393, 80, 45], [234, 506, 78, 46], [410, 461, 63, 35], [79, 109, 73, 42], [345, 132, 56, 32], [839, 233, 56, 41], [1025, 423, 63, 42]]};{"region": "body"}
D20201113T180117_1534.png;1959264;{};1;1;{"name": "roi", "left_rois": [[509, 50, 80, 38], [196, 226, 67, 37], [605, 295, 62, 37], [577, 381, 78, 45], [424, 499, 63, 45], [1048, 431, 69, 42], [452, 139, 55, 38], [871, 221, 54, 37], [1125, 323, 72, 38], [168, 99, 55, 39]], "right_rois": [[477, 50, 80, 38], [170, 226, 67, 37], [563, 295, 62, 37], [518, 381, 78, 45], [373, 499, 63, 45], [1012, 431, 69, 42], [428, 139, 55, 38], [841, 221, 54, 37], [1092, 323, 72, 38], [141, 99, 55, 39]]};{"region": "body"}
D20201113T180117_1580.png;1939528;{};1;1;{"name": "roi", "left_rois": [[595, 278, 66, 41], [512, 54, 67, 39], [531, 128, 58, 36], [584, 349, 59, 46], [1125, 309, 66, 44], [865, 219, 62, 44], [475, 480, 66, 37], [81, 376, 68, 50], [195, 146, 78, 36], [173, 187, 75, 35], [257, 316, 71, 34]], "right_rois": [[548, 278, 66, 41], [486, 54, 67, 39], [499, 128, 58, 36], [532, 349, 59, 46], [1092, 309, 66, 44], [836, 219, 62, 44], [426, 480, 66, 37], [33, 376, 68, 50], [171, 146, 78, 36], [150, 187, 75, 35], [223, 316, 71, 34]]};{"region": "body"}
D20201113T180117_1626.png;1955386;{};1;1;{"name": "roi", "left_rois": [[515, 57, 68, 39], [588, 261, 67, 40], [867, 222, 53, 41], [1088, 307, 72, 39], [307, 177, 52, 41], [179, 215, 58, 38], [464, 465, 69, 43], [180, 417, 61, 45], [549, 335, 74, 49], [553, 134, 70, 42]], "right_rois": [[485, 57, 68, 39], [538, 261, 67, 40], [839, 222, 53, 41], [1052, 307, 72, 39], [279, 177, 52, 41], [163, 215, 58, 38], [408, 465, 69, 43], [134, 417, 61, 45], [489, 335, 74, 49], [515, 134, 70, 42]]};{"region": "body"}
D20201113T180117_1672.png;1947191;{};1;1;{"name": "roi", "left_rois": [[567, 330, 68, 48], [599, 258, 60, 44], [520, 58, 65, 32], [64, 123, 56, 34], [560, 133, 57, 39], [1087, 310, 68, 43], [1045, 427, 74, 35], [463, 466, 68, 41], [251, 436, 65, 39], [860, 217, 52, 38]], "right_rois": [[506, 330, 68, 48], [548, 258, 60, 44], [489, 58, 65, 32], [59, 123, 56, 34], [530, 133, 57, 39], [1049, 310, 68, 43], [1015, 427, 74, 35], [406, 466, 68, 41], [199, 436, 65, 39], [834, 217, 52, 38]]};{"region": "body"}
D20201113T180117_1718.png;1950433;{};1;1;{"name": "roi", "left_rois": [[536, 139, 64, 40], [511, 43, 72, 38], [1089, 327, 71, 38], [637, 392, 78, 44], [369, 443, 75, 40], [496, 487, 65, 39], [571, 320, 76, 47], [584, 253, 59, 42], [859, 198, 64, 37]], "right_rois": [[504, 139, 64, 40], [476, 43, 72, 38], [1053, 327, 71, 38], [579, 392, 78, 44], [301, 443, 75, 40], [439, 487, 65, 39], [507, 320, 76, 47], [536, 253, 59, 42], [828, 198, 64, 37]]};{"region": "body"}
D20201113T180117_1764.png;1959273;{};1;1;{"name": "roi", "left_rois": [[567, 299, 78, 50], [536, 238, 76, 40], [552, 133, 52, 30], [519, 50, 66, 33], [1085, 298, 72, 33], [867, 192, 62, 36], [497, 458, 63, 48], [796, 364, 80, 45]], "right_rois": [[492, 299, 78, 50], [484, 238, 76, 40], [523, 133, 52, 30], [488, 50, 66, 33], [1051, 298, 72, 33], [839, 192, 62, 36], [423, 458, 63, 48], [719, 364, 80, 45]]};{"region": "body"}
D20201113T180117_1810.png;1960011;{};1;1;{"name": "roi", "left_rois": [[569, 289, 74, 43], [536, 233, 72, 47], [663, 281, 60, 32], [1012, 420, 68, 42], [563, 450, 61, 41], [533, 43, 67, 43], [577, 116, 54, 33], [90, 212, 54, 32], [1048, 297, 103, 60], [877, 197, 52, 40]], "right_rois": [[497, 289, 74, 43], [485, 233, 72, 47], [621, 281, 60, 32], [978, 420, 68, 42], [496, 450, 61, 41], [503, 43, 67, 43], [540, 116, 54, 33], [86, 212, 54, 32], [950, 297, 103, 60], [846, 197, 52, 40]]};{"region": "body"}
D20201113T180117_1856.png;1971751;{};1;1;{"name": "roi", "left_rois": [[567, 300, 76, 56], [589, 233, 68, 47], [543, 47, 66, 31], [588, 111, 64, 36], [660, 375, 65, 37], [581, 419, 64, 39], [544, 472, 63, 37], [55, 425, 57, 36], [860, 189, 63, 37], [64, 121, 63, 39], [80, 186, 60, 37]], "right_rois": [[492, 300, 76, 56], [535, 233, 68, 47], [510, 47, 66, 31], [552, 111, 64, 36], [618, 375, 65, 37], [521, 419, 64, 39], [495, 472, 63, 37], [39, 425, 57, 36], [834, 189, 63, 37], [53, 121, 63, 39], [71, 186, 60, 37]]};{"region": "body"}
D20201113T180117_1902.png;1975381;{};1;1;{"name": "roi", "left_rois": [[620, 250, 64, 45], [677, 314, 72, 46], [573, 328, 87, 49], [1104, 304, 61, 44], [843, 188, 70, 35], [547, 43, 70, 39], [599, 112, 57, 35], [577, 394, 62, 42], [691, 387, 54, 35], [531, 454, 66, 39], [1020, 432, 63, 38]], "right_rois": [[565, 250, 64, 45], [630, 314, 72, 46], [493, 328, 87, 49], [1072, 304, 61, 44], [816, 188, 70, 35], [513, 43, 70, 39], [567, 112, 57, 35], [519, 394, 62, 42], [646, 387, 54, 35], [480, 454, 66, 39], [988, 432, 63, 38]]};{"region": "body"}
D20201113T180117_1948.png;1973699;{};1;1;{"name": "roi", "left_rois": [[635, 270, 61, 42], [1091, 302, 82, 43], [848, 185, 60, 32], [548, 52, 69, 35], [567, 118, 42, 37], [576, 366, 80, 44], [536, 463, 65, 41], [864, 272, 56, 33], [1005, 427, 70, 39]], "right_rois": [[577, 270, 61, 42], [1054, 302, 82, 43], [819, 185, 60, 32], [519, 52, 69, 35], [533, 118, 42, 37], [497, 366, 80, 44], [484, 463, 65, 41], [838, 272, 56, 33], [967, 427, 70, 39]]};{"region": "body"}
D20201113T180117_1994.png;1963091;{};1;1;{"name": "roi", "left_rois": [[605, 289, 64, 44], [645, 253, 68, 30], [539, 46, 70, 38], [463, 221, 68, 34], [555, 135, 53, 31], [868, 191, 51, 39], [872, 267, 55, 32], [591, 383, 70, 45], [543, 466, 69, 42], [33, 433, 48, 39], [1111, 306, 62, 39], [976, 432, 59, 39], [53, 114, 55, 38]], "right_rois": [[553, 289, 64, 44], [600, 253, 68, 30], [511, 46, 70, 38], [421, 221, 68, 34], [524, 135, 53, 31], [840, 191, 51, 39], [843, 267, 55, 32], [518, 383, 70, 45], [492, 466, 69, 42], [13, 433, 48, 39], [1079, 306, 62, 39], [944, 432, 59, 39], [48, 114, 55, 38]]};{"region": "body"}
D20201113T180117_2040.png;1894149;{};1;1;{"name": "roi", "left_rois": [[649, 236, 58, 35], [545, 44, 70, 43], [532, 128, 59, 39], [444, 184, 64, 32], [863, 195, 58, 36], [619, 392, 70, 45], [568, 300, 61, 38], [1109, 303, 71, 39], [995, 431, 66, 32], [523, 468, 74, 34], [879, 262, 48, 33]], "right_rois": [[610, 236, 58, 35], [514, 44, 70, 43], [500, 128, 59, 39], [410, 184, 64, 32], [834, 195, 58, 36], [547, 392, 70, 45], [521, 300, 61, 38], [1077, 303, 71, 39], [965, 431, 66, 32], [473, 468, 74, 34], [851, 262, 48, 33]]};{"region": "body"}
D20201113T180117_2086.png;1923440;{};1;1;{"name": "roi", "left_rois": [[631, 223, 70, 34], [424, 181, 61, 35], [549, 44, 70, 37], [623, 396, 78, 41], [543, 299, 68, 39], [858, 196, 63, 37], [536, 130, 65, 29], [1119, 299, 62, 39], [544, 473, 61, 34], [47, 392, 58, 37]], "right_rois": [[591, 223, 70, 34], [388, 181, 61, 35], [517, 44, 70, 37], [555, 396, 78, 41], [495, 299, 68, 39], [831, 196, 63, 37], [505, 130, 65, 29], [1087, 299, 62, 39], [486, 473, 61, 34], [14, 392, 58, 37]]};{"region": "body"}
D20201113T180117_2178.png;1995078;{};1;1;{"name": "roi", "left_rois": [[519, 287, 66, 41], [416, 175, 60, 36], [551, 42, 68, 36], [565, 127, 59, 34], [616, 263, 72, 39], [629, 392, 80, 47], [511, 467, 60, 40], [1121, 228, 64, 39], [880, 164, 57, 34]], "right_rois": [[473, 287, 66, 41], [383, 175, 60, 36], [522, 42, 68, 36], [535, 127, 59, 34], [577, 263, 72, 39], [562, 392, 80, 47], [464, 467, 60, 40], [1090, 228, 64, 39], [850, 164, 57, 34]]};{"region": "body"}
D20201113T180117_2224.png;1989267;{};1;1;{"name": "roi", "left_rois": [[624, 370, 80, 50], [631, 323, 74, 42], [507, 281, 69, 43], [397, 182, 71, 34], [572, 46, 63, 39], [1111, 225, 70, 38], [503, 470, 62, 34], [573, 131, 67, 33], [41, 400, 58, 39], [860, 152, 61, 38], [908, 412, 63, 34]], "right_rois": [[555, 370, 80, 50], [587, 323, 74, 42], [463, 281, 69, 43], [370, 182, 71, 34], [541, 46, 63, 39], [1080, 225, 70, 38], [461, 470, 62, 34], [545, 131, 67, 33], [5, 400, 58, 39], [832, 152, 61, 38], [878, 412, 63, 34]]};{"region": "body"}
D20201113T180117_2270.png;1913234;{};1;1;{"name": "roi", "left_rois": [[608, 348, 76, 48], [512, 269, 64, 43], [573, 49, 75, 37], [1108, 254, 76, 46], [500, 484, 61, 39], [547, 141, 61, 37], [56, 102, 59, 40], [59, 158, 66, 35], [848, 143, 67, 33]], "right_rois": [[536, 348, 76, 48], [460, 269, 64, 43], [538, 49, 75, 37], [1069, 254, 76, 46], [452, 484, 61, 39], [514, 141, 61, 37], [50, 102, 59, 40], [51, 158, 66, 35], [820, 143, 67, 33]]};{"region": "body"}
D20201113T180117_2316.png;1908453;{};1;1;{"name": "roi", "left_rois": [[577, 57, 74, 34], [491, 278, 77, 37], [591, 348, 81, 49], [695, 377, 57, 42], [1117, 305, 75, 49], [555, 403, 86, 35], [111, 227, 73, 36], [41, 106, 71, 38], [488, 155, 67, 33], [876, 134, 55, 36], [940, 209, 52, 38]], "right_rois": [[545, 57, 74, 34], [444, 278, 77, 37], [520, 348, 81, 49], [659, 377, 57, 42], [1077, 305, 75, 49], [511, 403, 86, 35], [99, 227, 73, 36], [37, 106, 71, 38], [457, 155, 67, 33], [850, 134, 55, 36], [909, 209, 52, 38]]};{"region": "body"}
D20201113T180117_2362.png;2001790;{};1;1;{"name": "roi", "left_rois": [[589, 64, 60, 39], [507, 276, 64, 39], [603, 366, 80, 47], [1132, 339, 72, 53], [127, 225, 69, 34], [425, 481, 63, 38], [944, 198, 52, 32], [888, 138, 51, 34], [555, 143, 65, 33], [52, 117, 52, 33], [808, 450, 57, 42]], "right_rois": [[559, 64, 60, 39], [460, 276, 64, 39], [537, 366, 80, 47], [1095, 339, 72, 53], [110, 225, 69, 34], [380, 481, 63, 38], [914, 198, 52, 32], [857, 138, 51, 34], [515, 143, 65, 33], [50, 117, 52, 33], [776, 450, 57, 42]]};{"region": "body"}
D20201113T180117_2408.png;2068042;{};1;1;{"name": "roi", "left_rois": [[499, 259, 69, 40], [585, 71, 66, 32], [635, 388, 65, 42], [1125, 366, 70, 45], [931, 204, 70, 44], [895, 140, 53, 38], [588, 146, 63, 39], [743, 383, 61, 45], [144, 220, 69, 34], [753, 252, 68, 39], [944, 279, 61, 36]], "right_rois": [[452, 259, 69, 40], [554, 71, 66, 32], [571, 388, 65, 42], [1085, 366, 70, 45], [902, 204, 70, 44], [867, 140, 53, 38], [555, 146, 63, 39], [701, 383, 61, 45], [119, 220, 69, 34], [705, 252, 68, 39], [911, 279, 61, 36]]};{"region": "body"}
D20201113T180117_2454.png;2017537;{};1;1;{"name": "roi", "left_rois": [[580, 61, 67, 39], [516, 215, 85, 37], [147, 217, 80, 37], [1129, 373, 72, 51], [917, 199, 66, 35], [900, 132, 51, 36], [551, 150, 68, 28], [703, 186, 60, 34]], "right_rois": [[549, 61, 67, 39], [456, 215, 85, 37], [128, 217, 80, 37], [1093, 373, 72, 51], [892, 199, 66, 35], [868, 132, 51, 36], [513, 150, 68, 28], [670, 186, 60, 34]]};{"region": "body"}
D20201113T180117_2500.png;2056985;{};1;1;{"name": "roi", "left_rois": [[590, 239, 69, 48], [664, 173, 75, 34], [945, 222, 62, 44], [1130, 374, 74, 41], [828, 308, 60, 36], [652, 420, 71, 42], [505, 481, 66, 38], [461, 302, 56, 39], [57, 117, 52, 35], [185, 213, 58, 34], [585, 108, 63, 36], [579, 37, 65, 37], [895, 144, 45, 32], [111, 371, 65, 34]], "right_rois": [[533, 239, 69, 48], [624, 173, 75, 34], [908, 222, 62, 44], [1092, 374, 74, 41], [791, 308, 60, 36], [589, 420, 71, 42], [453, 481, 66, 38], [431, 302, 56, 39], [49, 117, 52, 35], [164, 213, 58, 34], [554, 108, 63, 36], [550, 37, 65, 37], [868, 144, 45, 32], [91, 371, 65, 34]]};{"region": "body"}